{
  "reference": "PyTorch 2.7.1 FP32",
  "atol": 1e-06,
  "rms_norm": {
    "input": [
      1.0,
      -2.0,
      3.0,
      -4.0
    ],
    "weight": [
      0.5,
      1.0,
      1.5,
      2.0
    ],
    "epsilon": 1e-05,
    "output": [
      0.182574063539505,
      -0.73029625415802,
      1.6431666612625122,
      -2.92118501663208
    ]
  },
  "rope": {
    "query": [
      0.10000000149011612,
      0.20000000298023224,
      0.30000001192092896,
      0.4000000059604645,
      -0.5,
      0.6000000238418579,
      -0.699999988079071,
      0.800000011920929
    ],
    "key": [
      0.8999999761581421,
      -1.0,
      1.100000023841858,
      -1.2000000476837158
    ],
    "query_heads": 2,
    "key_value_heads": 1,
    "head_dim": 4,
    "position": 7,
    "theta": 10000.0,
    "output_query": [
      -0.12170576304197311,
      0.17153306305408478,
      0.2918693423271179,
      0.41300898790359497,
      0.08293947577476501,
      0.5425763726234436,
      -0.8562248945236206,
      0.8400065302848816
    ],
    "output_key": [
      -0.044173240661621094,
      -0.9136196374893188,
      1.4205803871154785,
      -1.267004132270813
    ]
  },
  "softmax": {
    "input": [
      1000.0,
      1001.0,
      999.0,
      -1000.0
    ],
    "output": [
      0.2447284758090973,
      0.6652409434318542,
      0.09003057330846786,
      0.0
    ]
  },
  "attention": {
    "query": [
      0.20000000298023224,
      -0.10000000149011612,
      0.4000000059604645,
      0.30000001192092896,
      -0.5,
      0.699999988079071,
      0.10000000149011612,
      -0.20000000298023224
    ],
    "keys": [
      0.10000000149011612,
      0.20000000298023224,
      0.30000001192092896,
      0.4000000059604645,
      -0.4000000059604645,
      0.30000001192092896,
      -0.20000000298023224,
      0.10000000149011612,
      0.5,
      -0.6000000238418579,
      0.699999988079071,
      -0.800000011920929
    ],
    "values": [
      1.0,
      0.0,
      -1.0,
      0.5,
      0.20000000298023224,
      0.4000000059604645,
      0.6000000238418579,
      0.800000011920929,
      -0.30000001192092896,
      0.699999988079071,
      0.8999999761581421,
      -0.10000000149011612
    ],
    "sequence_length": 3,
    "query_heads": 2,
    "key_value_heads": 1,
    "head_dim": 4,
    "output": [
      0.31072109937667847,
      0.3621496558189392,
      0.13341431319713593,
      0.3776317536830902,
      0.3371150493621826,
      0.3447031080722809,
      0.14012068510055542,
      0.46016252040863037
    ]
  },
  "silu_multiply": {
    "gate": [
      -2.0,
      -0.5,
      0.0,
      1.5
    ],
    "up": [
      0.5,
      -1.0,
      2.0,
      3.0
    ],
    "output": [
      -0.11920291930437088,
      0.1887703388929367,
      0.0,
      3.6790847778320312
    ]
  }
}
